id;customer_id;first_name;last_name;email;phone_number;street_adress;line_1;line_2;city;state;zip_code
1;17974;Wilson;Smith;Aubrey45@yahoo.com;program payment User-friendly;Team-oriented;index;auxiliary experiences;South Winfieldmouth;Kong deposit;58708
2;82375;Hyman;Ledner;Devon41@gmail.com;Pa'anga azure online;JBOD;Progressive;intelligence;Boyleton;Generic bluetooth;28795
3;81624;Emmy;Fritsch;Raleigh_MacGyver9@gmail.com;digital Compatible Small;Chicken Account Dollar;Investment Electronics Cheese;quantifying Games;Lakeland;COM connect;69599
4;61644;Santina;Heaney;Billie73@gmail.com;Refined Island architectures;fuchsia override;deposit Horizontal;Loan Handcrafted Architect;Port Brannon;overriding Cotton;92364
5;31581;Antwan;Emmerich;Treva45@yahoo.com;Stravenue Virtual channels;up gold;Fall;International;North Clareburgh;Small virtual Account;18858
6;98083;Jerrell;Schimmel;Scarlett62@hotmail.com;Open-source parsing Ramp;Human New;haptic Dynamic Cambridgeshire;system-worthy;Turnermouth;scale;3290
7;81525;Kiana;Hodkiewicz;Antwon92@hotmail.com;user indexing monitor;salmon Executive deliverables;neural Mouse transmit;Mississippi payment fuchsia;West Malikamouth;Investment needs-based Helena;94282
8;54637;Isaias;Corkery;Louisa.Crist47@gmail.com;Soap;Buckinghamshire turquoise User;Mandatory Tajikistan Ville;Parkway scalable;Duluth;Refined harness;99762
9;69300;Lorine;Lang;Dino_Volkman@hotmail.com;Savings uniform;JSON Data synthesize;quantify;edge Springs Clothing;Wilfredfort;Beauty Awesome Upgradable;46141
10;99311;Raoul;Jones;Alexa0@hotmail.com;Malawi Architect;Grocery;Total;invoice;Jamieview;Montana Pennsylvania payment;67643
